<?xml version="1.0" encoding="UTF-8" standalone="yes"?>
<groupHaul xmlns:a="http://www.appian.com/ae/types/2009">
    <versionUuid>_e-0000e437-36bd-8000-33fc-b11e94b11e94_29</versionUuid>
    <group>
        <name>UIA All Users</name>
        <securityMap>SECURITYMAP_PUBLIC</securityMap>
        <uuid>_e-0000e437-36bd-8000-33fc-b11e94b11e94_25</uuid>
        <groupTypeUuid>SYSTEM_GROUP_TYPE_CUSTOM</groupTypeUuid>
        <description>Members of this group are allowed to view all user initials avatars.</description>
        <delegatedCreation>false</delegatedCreation>
        <memberPolicy>MEMBERPOLICY_CLOSED</memberPolicy>
        <viewingPolicy>VIEWINGPOLICY_LOW</viewingPolicy>
        <attributes/>
    </group>
    <members>
        <users/>
        <groups/>
    </members>
    <admins>
        <users/>
        <groups>
            <groupUuid>_e-0000e437-36bd-8000-33fc-b11e94b11e94_27</groupUuid>
        </groups>
    </admins>
    <ruleSet/>
    <history>
        <historyInfo versionUuid="_e-0000e437-36bd-8000-33fc-b11e94b11e94_29"/>
    </history>
</groupHaul>
